"Title,","Price,",Categories
A Light in the Attic,5177,In stock
Tipping the Velvet,5374,In stock
Soumission,5010,In stock
Sharp Objects,4782,In stock
Sapiens: A Brief History of Humankind,5423,In stock
The Requiem Red,2265,In stock
The Dirty Little Secrets of Getting Your Dream Job,3334,In stock
"The Coming Woman: A Novel Based on the Life of the Infamous Feminist, Victoria Woodhull",1793,In stock
The Boys in the Boat: Nine Americans and Their Epic Quest for Gold at the 1936 Berlin Olympics,2260,In stock
The Black Maria,5215,In stock
"Starving Hearts (Triangular Trade Trilogy, #1)",1399,In stock
Shakespeare's Sonnets,2066,In stock
Set Me Free,1746,In stock
Scott Pilgrim's Precious Little Life (Scott Pilgrim #1),5229,In stock
Rip it Up and Start Again,3502,In stock
"Our Band Could Be Your Life: Scenes from the American Indie Underground, 1981-1991",5725,In stock
Olio,2388,In stock
Mesaerion: The Best Science Fiction Stories 1800-1849,3759,In stock
Libertarianism for Beginners,5133,In stock
It's Only the Himalayas,4517,In stock
In Her Wake,1284,In stock
How Music Works,3732,In stock
"Foolproof Preserving: A Guide to Small Batch Jams, Jellies, Pickles, Condiments, and More: A Foolproof Guide to Making Small Batch Jams, Jellies, Pickles, Condiments, and More",3052,In stock
Chase Me (Paris Nights #2),2527,In stock
Black Dust,3453,In stock
Birdsong: A Story in Pictures,5464,In stock
America's Cradle of Quarterbacks: Western Pennsylvania's Football Factory from Johnny Unitas to Joe Montana,2250,In stock
Aladdin and His Wonderful Lamp,5313,In stock
Worlds Elsewhere: Journeys Around Shakespeare’s Globe,4030,In stock
Wall and Piece,4418,In stock
The Four Agreements: A Practical Guide to Personal Freedom,1766,In stock
The Five Love Languages: How to Express Heartfelt Commitment to Your Mate,3105,In stock
The Elephant Tree,2382,In stock
The Bear and the Piano,3689,In stock
Sophie's World,1594,In stock
Penny Maybe,3329,In stock
Maude (1883-1993):She Grew Up with the country,1802,In stock
"In a Dark, Dark Wood",1963,In stock
Behind Closed Doors,5222,In stock
You can't bury them all: Poems,3363,In stock
Slow States of Collapse: Poems,5731,In stock
Reasons to Stay Alive,2641,In stock
Private Paris (Private #10),4761,In stock
#HigherSelfie: Wake Up Your Life. Free Your Soul. Find Your Tribe.,2311,In stock
Without Borders (Wanderlove #1),4507,In stock
When We Collided,3177,In stock
"We Love You, Charlie Freeman",5027,In stock
Untitled Collection: Sabbath Poems 2014,1427,In stock
"Unseen City: The Majesty of Pigeons, the Discreet Charm of Snails & Other Wonders of the Urban Wilderness",4418,In stock
Unicorn Tracks,1878,In stock
"Unbound: How Eight Technologies Made Us Human, Transformed Society, and Brought Our World to the Brink",2552,In stock
Tsubasa: WoRLD CHRoNiCLE 2 (Tsubasa WoRLD CHRoNiCLE #2),1628,In stock
Throwing Rocks at the Google Bus: How Growth Became the Enemy of Prosperity,3112,In stock
This One Summer,1949,In stock
Thirst,1727,In stock
The Torch Is Passed: A Harding Family Story,1909,In stock
The Secret of Dreadwillow Carse,5613,In stock
"The Pioneer Woman Cooks: Dinnertime: Comfort Classics, Freezer Food, 16-Minute Meals, and Other Delicious Ways to Solve Supper!",5641,In stock
The Past Never Ends,5650,In stock
The Natural History of Us (The Fine Art of Pretending #2),4522,In stock
The Nameless City (The Nameless City #1),3816,In stock
The Murder That Never Was (Forensic Instincts #5),5411,In stock
The Most Perfect Thing: Inside (and Outside) a Bird's Egg,4296,In stock
"The Mindfulness and Acceptance Workbook for Anxiety: A Guide to Breaking Free from Anxiety, Phobias, and Worry Using Acceptance and Commitment Therapy",2389,In stock
The Life-Changing Magic of Tidying Up: The Japanese Art of Decluttering and Organizing,1677,In stock
"The Inefficiency Assassin: Time Management Tactics for Working Smarter, Not Longer",2059,In stock
The Gutsy Girl: Escapades for Your Life of Epic Adventure,3713,In stock
The Electric Pencil: Drawings from Inside State Hospital No. 3,5606,In stock
The Death of Humanity: and the Case for Life,5811,In stock
"The Bulletproof Diet: Lose up to a Pound a Day, Reclaim Energy and Focus, Upgrade Your Life",4905,In stock
The Art Forger,4076,In stock
The Age of Genius: The Seventeenth Century and the Birth of the Modern Mind,1973,In stock
The Activist's Tao Te Ching: Ancient Advice for a Modern Revolution,3224,In stock
Spark Joy: An Illustrated Master Class on the Art of Organizing and Tidying Up,4183,In stock
Soul Reader,3958,In stock
Security,3925,In stock
"Saga, Volume 6 (Saga (Collected Editions) #6)",2502,In stock
"Saga, Volume 5 (Saga (Collected Editions) #5)",5104,In stock
Reskilling America: Learning to Labor in the Twenty-First Century,1983,In stock
"Rat Queens, Vol. 3: Demons (Rat Queens (Collected Editions) #11-15)",5040,In stock
"Princess Jellyfish 2-in-1 Omnibus, Vol. 01 (Princess Jellyfish 2-in-1 Omnibus #1)",1361,In stock
Princess Between Worlds (Wide-Awake Princess #5),1334,In stock
"Pop Gun War, Volume 1: Gift",1897,In stock
"Political Suicide: Missteps, Peccadilloes, Bad Calls, Backroom Hijinx, Sordid Pasts, Rotten Breaks, and Just Plain Dumb Mistakes in the Annals of American Politics",3628,In stock
Patience,1016,In stock
"Outcast, Vol. 1: A Darkness Surrounds Him (Outcast #1)",1544,In stock
orange: The Complete Collection 1 (orange: The Complete Collection #1),4841,In stock
Online Marketing for Busy Authors: A Step-By-Step Guide,4635,In stock
On a Midnight Clear,1407,In stock
Obsidian (Lux #1),1486,In stock
My Paris Kitchen: Recipes and Stories,3337,In stock
Masks and Shadows,5640,In stock
"Mama Tried: Traditional Italian Cooking for the Screwed, Crude, Vegan, and Tattooed",1402,In stock
"Lumberjanes, Vol. 2: Friendship to the Max (Lumberjanes #5-8)",4691,In stock
"Lumberjanes, Vol. 1: Beware the Kitten Holy (Lumberjanes #1-4)",4561,In stock
Lumberjanes Vol. 3: A Terrible Plan (Lumberjanes #9-12),1992,In stock
"Layered: Baking, Building, and Styling Spectacular Cakes",4011,In stock
Judo: Seven Steps to Black Belt (an Introductory Guide for Beginners),5390,In stock
Join,3567,In stock
In the Country We Love: My Family Divided,2200,In stock
Immunity: How Elie Metchnikoff Changed the Course of Modern Medicine,5736,In stock
"I Hate Fairyland, Vol. 1: Madly Ever After (I Hate Fairyland (Compilations) #1-5)",2917,In stock
I am a Hero Omnibus Volume 1,5463,In stock
How to Be Miserable: 40 Strategies You Already Use,4603,In stock
Her Backup Boyfriend (The Sorensen Family #1),3397,In stock
"Giant Days, Vol. 2 (Giant Days #5-8)",2211,In stock
Forever and Forever: The Courtship of Henry Longfellow and Fanny Appleton,2969,In stock
First and First (Five Boroughs #3),1597,In stock
Fifty Shades Darker (Fifty Shades #2),2196,In stock
Everydata: The Misinformation Hidden in the Little Data You Consume Every Day,5435,In stock
"Don't Be a Jerk: And Other Practical Advice from Dogen, Japan's Greatest Zen Master",3797,In stock
Danganronpa Volume 1,5199,In stock
Crown of Midnight (Throne of Glass #2),4329,In stock
"Codename Baboushka, Volume 1: The Conclave of Death",3672,In stock
Camp Midnight,1708,In stock
Call the Nurse: True Stories of a Country Nurse on a Scottish Isle,2914,In stock
Burning,2881,In stock
Bossypants,4946,In stock
"Bitch Planet, Vol. 1: Extraordinary Machine (Bitch Planet (Collected Editions))",3792,In stock
"Avatar: The Last Airbender: Smoke and Shadow, Part 3 (Smoke and Shadow #3)",2809,In stock
Algorithms to Live By: The Computer Science of Human Decisions,3081,In stock
A World of Flavor: Your Gluten Free Passport,4295,In stock
"A Piece of Sky, a Grain of Rice: A Memoir in Four Meditations",5676,In stock
A Murder in Time,1664,In stock
A Flight of Arrows (The Pathfinders #2),5553,In stock
A Fierce and Subtle Poison,2813,In stock
A Court of Thorns and Roses (A Court of Thorns and Roses #1),5237,In stock
(Un)Qualified: How God Uses Broken People to Do Big Things,5400,In stock
You Are What You Love: The Spiritual Power of Habit,2187,In stock
"William Shakespeare's Star Wars: Verily, A New Hope (William Shakespeare's Star Wars #4)",4330,In stock
Tuesday Nights in 1980,2104,In stock
Tracing Numbers on a Train,4160,In stock
Throne of Glass (Throne of Glass #1),3507,In stock
Thomas Jefferson and the Tripoli Pirates: The Forgotten War That Changed American History,5964,In stock
Thirteen Reasons Why,5272,In stock
The White Cat and the Monk: A Retelling of the Poem “Pangur Bán”,5808,In stock
The Wedding Dress,2412,In stock
The Vacationers,4215,In stock
The Third Wave: An Entrepreneur’s Vision of the Future,1261,In stock
The Stranger,1744,In stock
The Shadow Hero (The Shadow Hero),3314,In stock
The Secret (The Secret #1),2737,In stock
The Regional Office Is Under Attack!,5136,In stock
The Psychopath Test: A Journey Through the Madness Industry,3600,In stock
The Project,1065,In stock
The Power of Now: A Guide to Spiritual Enlightenment,4354,In stock
The Omnivore's Dilemma: A Natural History of Four Meals,3821,In stock
The Nerdy Nummies Cookbook: Sweet Treats for the Geek in All of Us,3734,In stock
The Murder of Roger Ackroyd (Hercule Poirot #4),4410,In stock
The Mistake (Off-Campus #2),4329,In stock
The Matchmaker's Playbook (Wingmen Inc. #1),5585,In stock
The Love and Lemons Cookbook: An Apple-to-Zucchini Celebration of Impromptu Cooking,3760,In stock
The Long Shadow of Small Ghosts: Murder and Memory in an American City,1097,In stock
The Kite Runner,4182,In stock
The House by the Lake,3695,In stock
The Glittering Court (The Glittering Court #1),4428,In stock
The Girl on the Train,5502,In stock
The Genius of Birds,1724,In stock
The Emerald Mystery,2315,In stock
The Cookies & Cups Cookbook: 125+ sweet & savory recipes reminding you to Always Eat Dessert First,4125,In stock
The Bridge to Consciousness: I'm Writing the Bridge Between Science and Our Old and New Beliefs.,3200,In stock
The Artist's Way: A Spiritual Path to Higher Creativity,3849,In stock
The Art of War,3334,In stock
The Argonauts,1093,In stock
The 10% Entrepreneur: Live Your Startup Dream Without Quitting Your Day Job,2755,In stock
Suddenly in Love (Lake Haven #1),5599,In stock
Something More Than This,1624,In stock
Soft Apocalypse,2612,In stock
So You've Been Publicly Shamed,1223,In stock
Shoe Dog: A Memoir by the Creator of NIKE,2399,In stock
"Shobu Samurai, Project Aryoku (#3)",2906,In stock
Secrets and Lace (Fatal Hearts #1),2027,In stock
Scarlett Epstein Hates It Here,4355,In stock
Romero and Juliet: A Tragic Tale of Love and Zombies,3694,In stock
Redeeming Love,2047,In stock
Poses for Artists Volume 1 - Dynamic and Sitting Poses: An Essential Reference for Figure Drawing and the Human Form,4106,In stock
Poems That Make Grown Women Cry,1419,In stock
"Nightingale, Sing",3828,In stock
Night Sky with Exit Wounds,4105,In stock
Mrs. Houdini,3025,In stock
Modern Romance,2826,In stock
Miss Peregrine’s Home for Peculiar Children (Miss Peregrine’s Peculiar Children #1),1076,In stock
Louisa: The Extraordinary Life of Mrs. Adams,1685,In stock
Little Red,1347,In stock
Library of Souls (Miss Peregrine’s Peculiar Children #3),4856,In stock
Large Print Heart of the Pride,1915,In stock
I Had a Nice Time And Other Lies...: How to find love & sh*t like that,5736,In stock
Hollow City (Miss Peregrine’s Peculiar Children #2),4298,In stock
Grumbles,2216,In stock
Full Moon over Noah’s Ark: An Odyssey to Mount Ararat and Beyond,4943,In stock
Frostbite (Vampire Academy #2),2999,In stock
Follow You Home,2136,In stock
First Steps for New Christians (Print Edition),2900,In stock
Finders Keepers (Bill Hodges Trilogy #2),5353,In stock
"Fables, Vol. 1: Legends in Exile (Fables #1)",4162,In stock
Eureka Trivia 6.0,5459,In stock
Drive: The Surprising Truth About What Motivates Us,3495,In stock
Done Rubbed Out (Reightman & Bailey #1),3772,In stock
Doing It Over (Most Likely To #1),3561,In stock
"Deliciously Ella Every Day: Quick and Easy Recipes for Gluten-Free Snacks, Packed Lunches, and Simple Meals",4216,In stock
