Name,Price,Image
Sanrio Digital,34.74,https://m.media-amazon.com/images/I/61Pl3wHRvSL._AC_UL320_.jpg
sanrio mini mascot holder 2023,15.40,https://m.media-amazon.com/images/I/418JRXGVHuL._AC_UL320_.jpg
Sanrio 898856 Cinnamoroll Stamp Set,0.00,https://m.media-amazon.com/images/I/51y9C1+zdbL._AC_UL320_.jpg
Tangle Teaser Compact Styler Cinnamoroll/Dreamy Sky,28.78,https://m.media-amazon.com/images/I/61DX5r6cx3L._AC_UL320_.jpg
"Sanrio 853852 Cinnamoroll, Plush Toy, Standard, Size S",31.08,https://m.media-amazon.com/images/I/31Ti-ellvCL._AC_UL320_.jpg
"Care Bears Cinnamoroll Dressed As Love-a-Lot Bear 9"" Fun-Size Plush - Soft, Huggable Bestie!",0.00,https://m.media-amazon.com/images/I/71DJgytmgBL._AC_UL320_.jpg
Sanrio 512991 Cinnamoroll Plush Toy Set,0.00,https://m.media-amazon.com/images/I/51qeUMdfZNL._AC_UL320_.jpg
Sanrio Wallet,22.44,https://m.media-amazon.com/images/I/51GFsmMQZYL._AC_UL320_.jpg
Squishmallows Original Sanrio 10in Cinnamoroll HugMees – Ultrasoft Official Jazwares Plush (Medium-Sized),24.15,https://m.media-amazon.com/images/I/71nOXUHw9jL._AC_UL320_.jpg
Sanrio Coin Purse,0.00,https://m.media-amazon.com/images/I/51JB8cVDCwL._AC_UL320_.jpg
"Sanrio 212164 Cinnamoroll 2-Way Fan Cinnamoroll Cinnamoroll 7.1 x 3.9 x 1.6 inches (18 x 10 x 4 cm), Character",0.00,https://m.media-amazon.com/images/I/41meuW0H0CL._AC_UL320_.jpg
Sanrio 017043 Cinnamoroll 8 Design Notes,0.00,https://m.media-amazon.com/images/I/61az8Mkje1L._AC_UL320_.jpg
Sanrio Kids Long Sleeve Pajamas,28.79,https://m.media-amazon.com/images/I/51T0K-9r0oL._AC_UL320_.jpg
Sanrio Beaded Hand Strap,14.52,https://m.media-amazon.com/images/I/41+Xflh81lL._AC_UL320_.jpg
Marushin Kids Backpack Character,27.89,https://m.media-amazon.com/images/I/71fTsG46U+L._AC_UL320_.jpg
"Silver Buffalo Sanrio Hello Kitty and Friends Cinnamoroll with Strawberry Water Bottle with Screw Lid, 28 Ounces",0.00,https://m.media-amazon.com/images/I/61ial01GQTL._AC_UL320_.jpg
サンリオ ぬいぐるみポーチ(エンジョイアイドル ベビー),0.00,https://m.media-amazon.com/images/I/517-hQbeBIL._AC_UL320_.jpg
Sanrio Pencil Pack 2B Cinnamoroll Cinnamoroll 0.8 x 0.8 x 17.6cm Kids Learning Stationery Character 566179 SANRIO,0.00,https://m.media-amazon.com/images/I/51YG-PajMFL._AC_UL320_.jpg
"Sanrio 501134 Cinnamoroll Wobble Tumbler, 11.8 fl oz (320 ml), Face, Made in Japan",15.61,https://m.media-amazon.com/images/I/51DACxouV+S._AC_UL320_.jpg
Sanrio 963810 Cinnamoroll Face Mirror & Comb Set,13.72,https://m.media-amazon.com/images/I/31KA4Vb84nL._AC_UL320_.jpg
Sanrio 213161 Cinnamoroll Rotating Pen Stand,17.72,https://m.media-amazon.com/images/I/51bnzMi474L._AC_UL320_.jpg
"3D Jigsaw Puzzle, 36 Piece Crystal Gallery, Cinnamoroll",21.43,https://m.media-amazon.com/images/I/510jv3t4RRL._AC_UL320_.jpg
Sanrio 240753 Cinnamoroll Tote Bag (Nemu Nemu Time),34.54,https://m.media-amazon.com/images/I/51+Ai0zCBaL._AC_UL320_.jpg
"Sanrio 789704 Cinnamoroll Gel Ink Ballpoint Pen, EnerGel",0.00,https://m.media-amazon.com/images/I/41iWM0P7wxL._AC_UL320_.jpg
"Skater PSB5SANAG Children's Plastic Water Bottle, 16.9 fl oz (480 ml), One Push Closure, Antibacterial, Kid-Friendly, Lightweight, Made in Japan, Sanrio Cinnamoroll, Big Ribbon, Girls",19.98,https://m.media-amazon.com/images/I/61dwoK2K2rL._AC_UL320_.jpg
"Skater PSB5SANAG-A Sanrio Water Bottle, Cinnamoroll, 16.2 fl oz (480 ml), For Kids, Girls, Antibacterial, Plastic, Made in Japan",19.50,https://m.media-amazon.com/images/I/51IwZJytWEL._AC_UL320_.jpg
[Nakajima Corporation] Sanrio Characters Sakura Kimono,23.63,https://m.media-amazon.com/images/I/511W41+dlQL._AC_UL320_.jpg
"Skater KGA0 Insulated Lunch Bag for Kids Lunch Box, Sanrio Cinnamoroll, Big Ribbon, Girls",18.52,https://m.media-amazon.com/images/I/71G17Xl+xmL._AC_UL320_.jpg
"Sanrio 092118 B6 Ring Notebook, Cinnamoroll, Cinnamoroll, 7.2 x 5.3 x 0.6 inches (18.2 x 13.5 x 1.5 cm), Character",0.00,https://m.media-amazon.com/images/I/51EM-Tlpd-L._AC_UL320_.jpg
"Xaluon Cute Cinnamoroll Stickers Gift Supplies Including 63pcs Cinnamoroll Stickers, Cute Lanyard Cinnamoroll Keychain, Special Button Pins, Sticky Notes, Coin Bag, Bookmarks, Card Holder",30.62,https://m.media-amazon.com/images/I/81i2SylJ7nL._AC_UL320_.jpg
"GUND Sanrio Cinnamoroll Sashimi Plush, Premium Stuffed Animal for Ages 1 and Up, Pink/White, 6”",24.90,https://m.media-amazon.com/images/I/61hnzDbvx3L._AC_UL320_.jpg
Sanrio Bead Bracelet,0.00,https://m.media-amazon.com/images/I/41J+pw0JaaL._AC_UL320_.jpg
Sanrio 071218 Cinnamoroll Custom Bead Set,0.00,https://m.media-amazon.com/images/I/51FkzI2DdWL._AC_UL320_.jpg
"Sanrio 335690 Cinnamoroll 2-Way Doll Bag Character Award 2nd Cinnamoroll, Shoulder Bag, Cinnamoroll, 9.8 x 7.1 x 5.1 inches (25 x 18 x 13 cm), Character",34.85,https://m.media-amazon.com/images/I/41D-8ziI5mL._AC_UL320_.jpg
"Skater KB7 Sanrio Cinnamoroll, Big Ribbon, Girls Lunch Bag, Drawstring Bag, Made in Japan",15.03,https://m.media-amazon.com/images/I/71UFoNFY+DL._AC_UL320_.jpg
Sanrio Shoulder Bag,33.76,https://m.media-amazon.com/images/I/51AuYWN0idL._AC_UL320_.jpg
Cinnamoroll School Supplies Anime Stationery Gift Set Includs Pencil Case Pens Stickers Badge Pins Keychain Lanyard with ID Card Holder Ruler Sticky Note Paper Phone Holder Gift Bag for Girls (Blue),27.36,https://m.media-amazon.com/images/I/81+I6tBkhZL._AC_UL320_.jpg
"Tees Factory Sanrio SR-5540858CR Plush Face Pen Pouch, Cinnamoroll, H 3.8 x W 7.5 x D 2.0 inches (9.7 x 19 x 5 cm)",16.65,https://m.media-amazon.com/images/I/4109X0klE6L._AC_UL320_.jpg
Sanrio Vinyl Wallet,0.00,https://m.media-amazon.com/images/I/51j97zTXlBL._AC_UL320_.jpg
Takanami Create 128901 Cinnamoroll with Window,19.22,https://m.media-amazon.com/images/I/61x7ovf-yDL._AC_UL320_.jpg
"Sun Flame SR-HA02-CNBL Watch J-Axis Cinnamoroll, Girls, Blue, blue (pale)",26.61,https://m.media-amazon.com/images/I/41FcrTaPrjL._AC_UL320_.jpg
Sanrio 401200 Cinnamoroll Seal & Case Set,0.00,https://m.media-amazon.com/images/I/51oXEAu0gjL._AC_UL320_.jpg
"B-6382 Ebisu Children's Cinnamoroll, 6 Years and Up, Soft, 1 Piece",10.21,https://m.media-amazon.com/images/I/61-lA3t0NnS._AC_UL320_.jpg
Sanrio Boa Fabric Trading Card Holder (Enjoy Idol),19.69,https://m.media-amazon.com/images/I/51EG6-JEkiL._AC_UL320_.jpg
"Skater TOC11-A Sanrio Water Absorption Quick-Drying Animal Towel Cap, Cinnamoroll, 9.1 x 6.7 inches (23 x 17 cm)",16.72,https://m.media-amazon.com/images/I/512gcGYdiPL._AC_UL320_.jpg
Sanrio Cinnamoroll Character Hair Brush,15.59,https://m.media-amazon.com/images/I/41Z-21Lmz9L._AC_UL320_.jpg
Sanrio 014869 Cinnamoroll Lunch Box,0.00,https://m.media-amazon.com/images/I/51lMfjqr+TL._AC_UL320_.jpg
"Sanrio 240681 Vanity Pouch (Nemu Nemu Time) Cinnamoroll, Storage for Small Items",32.07,https://m.media-amazon.com/images/I/61H0H0NLvFL._AC_UL320_.jpg
